{
    "parent": "item/netherite_axe",
    "textures": {
        "layer0": "./netherite_double_axe"
    },
    "display": {
        "thirdperson_righthand": {
            "rotation": [ -80, 260, -40 ],
            "translation": [ -1.5, 6, 2.3 ],
            "scale": [ 1.1, 1.1, 1.1 ]
        },
        "thirdperson_lefthand": {
            "rotation": [ -80, -280, 40 ],
            "translation": [ -1.5, 6, 2.3 ],
            "scale": [ 1.1, 1.1, 1.1 ]
        },
        "firstperson_righthand": {
            "rotation": [ 0, -90, 25 ],
            "translation": [ 1.13, 3.2, 1.13],
            "scale": [ 1.1, 1.1, 1.1 ]
        },
        "firstperson_lefthand": {
            "rotation": [ 0, 90, -25 ],
            "translation": [ 1.13, 3.2, 1.13],
            "scale": [ 1.1, 1.1, 1.1 ]
        }
    }
}