{
	"credit": "Made with Blockbench",
	"textures": {
		"0": "normal2",
		"particle": "normal2"
	},
	"elements": [
		{
			"from": [1, 0, 1],
			"to": [15, 10, 15],
			"rotation": {"angle": 0, "axis": "y", "origin": [1, 0, 1]},
			"faces": {
				"north": {"uv": [10.5, 10.75, 14, 8.25], "texture": "#0"},
				"east": {"uv": [7, 8.25, 10.5, 10.75], "rotation": 180, "texture": "#0"},
				"south": {"uv": [3.5, 8.25, 7, 10.75], "rotation": 180, "texture": "#0"},
				"west": {"uv": [0, 8.25, 3.5, 10.75], "rotation": 180, "texture": "#0"},
				"up": {"uv": [7, 4.75, 10.5, 8.25], "texture": "#0"},
				"down": {"uv": [3.5, 4.75, 7, 8.25], "texture": "#0"}
			}
		}
	],
	"display": {
		"thirdperson_righthand": {
			"rotation": [75, 45, 0],
			"translation": [0, 2.5, 0],
			"scale": [0.375, 0.375, 0.375]
		},
		"thirdperson_lefthand": {
			"rotation": [75, 45, 0],
			"translation": [0, 2.5, 0],
			"scale": [0.375, 0.375, 0.375]
		},
		"firstperson_righthand": {
			"rotation": [0, 45, 0],
			"scale": [0.4, 0.4, 0.4]
		},
		"firstperson_lefthand": {
			"rotation": [0, 225, 0],
			"scale": [0.4, 0.4, 0.4]
		},
		"ground": {
			"translation": [0, 3, 0],
			"scale": [0.25, 0.25, 0.25]
		},
		"gui": {
			"rotation": [30, 225, 0],
			"scale": [0.625, 0.625, 0.625]
		},
		"fixed": {
			"scale": [0.5, 0.5, 0.5]
		}
	}
}