{
	"credit": "Made with Blockbench",
	"textures": {
		"0": "./texture",
		"1": "./texture2",
		"2": "./texture3",
		"3": "./texture5",
		"4": "./texture4",
		"particle": "./texture"
	},
	"elements": [
		{
			"from": [6.8, 23.2, 6.3],
			"to": [10.2, 24.2, 9.8],
			"faces": {
				"north": {"uv": [0, 0, 3.4, 1], "texture": "#1"},
				"east": {"uv": [0, 0, 3.5, 1], "texture": "#1"},
				"south": {"uv": [0, 0, 3.4, 1], "texture": "#1"},
				"west": {"uv": [0, 0, 3.5, 1], "texture": "#1"},
				"up": {"uv": [0, 0, 3.4, 3.5], "texture": "#1"},
				"down": {"uv": [0, 0, 3.4, 3.5], "texture": "#1"}
			}
		},
		{
			"from": [6.6, 21.7, 6],
			"to": [10.4, 23.2, 10.1],
			"faces": {
				"north": {"uv": [0, 0, 3.8, 1.5], "texture": "#1"},
				"east": {"uv": [0, 0, 4.1, 1.5], "texture": "#1"},
				"south": {"uv": [0, 0, 3.8, 1.5], "texture": "#1"},
				"west": {"uv": [0, 0, 4.1, 1.5], "texture": "#1"},
				"up": {"uv": [0, 0, 3.8, 4.1], "texture": "#1"},
				"down": {"uv": [0, 0, 3.8, 4.1], "texture": "#1"}
			}
		},
		{
			"from": [6.7, 0.9, 6.2],
			"to": [10.3, 5.6, 10],
			"faces": {
				"north": {"uv": [0, 0, 3.6, 4.7], "texture": "#0"},
				"east": {"uv": [0, 0, 3.8, 4.7], "texture": "#0"},
				"south": {"uv": [0, 0, 3.6, 4.7], "texture": "#0"},
				"west": {"uv": [0, 0, 3.8, 4.7], "texture": "#0"},
				"up": {"uv": [0, 0, 3.6, 3.8], "texture": "#0"},
				"down": {"uv": [0, 0, 3.6, 3.8], "texture": "#0"}
			}
		},
		{
			"from": [5.9, 9.6, 7],
			"to": [6.5, 12.4, 8.9],
			"faces": {
				"north": {"uv": [0, 0, 0.6, 2.8], "texture": "#2"},
				"east": {"uv": [0, 0, 1.9, 2.8], "texture": "#2"},
				"south": {"uv": [0, 0, 0.6, 2.8], "texture": "#2"},
				"west": {"uv": [0, 0, 1.9, 2.8], "texture": "#2"},
				"up": {"uv": [0, 0, 0.6, 1.9], "texture": "#2"},
				"down": {"uv": [0, 0, 0.6, 1.9], "texture": "#2"}
			}
		},
		{
			"from": [6.9, 0.4, 6.8],
			"to": [9.8, 1.2, 9.4],
			"faces": {
				"north": {"uv": [0, 0, 2.9, 1], "texture": "#0"},
				"east": {"uv": [0, 0, 2.6, 1], "texture": "#0"},
				"south": {"uv": [0, 0, 2.9, 1], "texture": "#0"},
				"west": {"uv": [0, 0, 2.6, 1], "texture": "#0"},
				"up": {"uv": [0, 0, 2.9, 2.6], "texture": "#0"},
				"down": {"uv": [0, 0, 2.9, 2.6], "texture": "#0"}
			}
		},
		{
			"from": [7.5, -0.2, 7.3],
			"to": [9.2, 0.5, 9],
			"faces": {
				"north": {"uv": [0, 0, 1.7, 1], "texture": "#0"},
				"east": {"uv": [0, 0, 1.7, 1], "texture": "#0"},
				"south": {"uv": [0, 0, 1.7, 1], "texture": "#0"},
				"west": {"uv": [0, 0, 1.7, 1], "texture": "#0"},
				"up": {"uv": [0, 0, 1.7, 1.7], "texture": "#0"},
				"down": {"uv": [0, 0, 1.7, 1.7], "texture": "#0"}
			}
		},
		{
			"from": [6.8, 6.5, 6.3],
			"to": [10.3, 7.6, 10],
			"faces": {
				"north": {"uv": [0, 0, 3.5, 1.1], "texture": "#1"},
				"east": {"uv": [0, 0, 3.7, 1.1], "texture": "#1"},
				"south": {"uv": [0, 0, 3.5, 1.1], "texture": "#1"},
				"west": {"uv": [0, 0, 3.7, 1.1], "texture": "#1"},
				"up": {"uv": [0, 0, 3.5, 3.7], "texture": "#1"},
				"down": {"uv": [0, 0, 3.5, 3.7], "texture": "#1"}
			}
		},
		{
			"from": [6.4, 8.5, 5.8],
			"to": [10.6, 21.8, 10.3],
			"faces": {
				"north": {"uv": [0, 0, 4.2, 13.3], "texture": "#2"},
				"east": {"uv": [0, 0, 4.5, 13.3], "texture": "#2"},
				"south": {"uv": [0, 0, 4.2, 13.3], "texture": "#2"},
				"west": {"uv": [0, 0, 4.5, 13.3], "texture": "#2"},
				"up": {"uv": [0, 0, 4.2, 4.5], "texture": "#2"},
				"down": {"uv": [0, 0, 4.2, 4.5], "texture": "#2"}
			}
		},
		{
			"from": [6.5, 7.5, 6.1],
			"to": [10.5, 8.5, 10.2],
			"faces": {
				"north": {"uv": [0, 0, 4, 1], "texture": "#1"},
				"east": {"uv": [0, 0, 4.1, 1], "texture": "#1"},
				"south": {"uv": [0, 0, 4, 1], "texture": "#1"},
				"west": {"uv": [0, 0, 4.1, 1], "texture": "#1"},
				"up": {"uv": [0, 0, 4, 4.1], "texture": "#1"},
				"down": {"uv": [0, 0, 4, 4.1], "texture": "#1"}
			}
		},
		{
			"from": [8, 23.8, 7.5],
			"to": [9, 28.3, 8.5],
			"faces": {
				"north": {"uv": [0, 0, 1, 4.5], "texture": "#1"},
				"east": {"uv": [0, 0, 1, 4.5], "texture": "#1"},
				"south": {"uv": [0, 0, 1, 4.5], "texture": "#1"},
				"west": {"uv": [0, 0, 1, 4.5], "texture": "#1"},
				"up": {"uv": [0, 0, 1, 1], "texture": "#1"},
				"down": {"uv": [0, 0, 1, 1], "texture": "#1"}
			}
		},
		{
			"from": [6.5, 5.5, 6.1],
			"to": [10.5, 6.5, 10.2],
			"faces": {
				"north": {"uv": [0, 0, 4, 1], "texture": "#1"},
				"east": {"uv": [0, 0, 4.1, 1], "texture": "#1"},
				"south": {"uv": [0, 0, 4, 1], "texture": "#1"},
				"west": {"uv": [0, 0, 4.1, 1], "texture": "#1"},
				"up": {"uv": [0, 0, 4, 4.1], "texture": "#1"},
				"down": {"uv": [0, 0, 4, 4.1], "texture": "#1"}
			}
		},
		{
			"from": [6.6, 24.2, 6.1],
			"to": [7.7, 28.2, 6.3],
			"faces": {
				"north": {"uv": [0, 0, 1.1, 4], "texture": "#1"},
				"east": {"uv": [0, 0, 0.2, 4], "texture": "#1"},
				"south": {"uv": [0, 0, 1.1, 4], "texture": "#1"},
				"west": {"uv": [0, 0, 0.2, 4], "texture": "#1"},
				"up": {"uv": [0, 0, 1.1, 0.2], "texture": "#1"},
				"down": {"uv": [0, 0, 1.1, 0.2], "texture": "#1"}
			}
		},
		{
			"from": [7.5, 30.9, 6.7],
			"to": [9.6, 31.3, 9.3],
			"faces": {
				"north": {"uv": [0, 0, 3.5, 1], "texture": "#3"},
				"east": {"uv": [0, 0, 3.7, 1], "texture": "#3"},
				"south": {"uv": [0, 0, 3.5, 1], "texture": "#3"},
				"west": {"uv": [0, 0, 3.7, 1], "texture": "#3"},
				"up": {"uv": [0, 0, 3.5, 3.7], "texture": "#3"},
				"down": {"uv": [0, 0, 3.5, 3.7], "texture": "#3"}
			}
		},
		{
			"from": [7.2, 30.2, 6.5],
			"to": [9.8, 30.9, 9.5],
			"faces": {
				"north": {"uv": [0, 0, 3.5, 1], "texture": "#3"},
				"east": {"uv": [0, 0, 3.7, 1], "texture": "#3"},
				"south": {"uv": [0, 0, 3.5, 1], "texture": "#3"},
				"west": {"uv": [0, 0, 3.7, 1], "texture": "#3"},
				"up": {"uv": [0, 0, 3.5, 3.7], "texture": "#3"},
				"down": {"uv": [0, 0, 3.5, 3.7], "texture": "#3"}
			}
		},
		{
			"from": [6.7, 29.2, 6.2],
			"to": [10.2, 30.2, 9.9],
			"faces": {
				"north": {"uv": [0, 0, 3.5, 1], "texture": "#3"},
				"east": {"uv": [0, 0, 3.7, 1], "texture": "#3"},
				"south": {"uv": [0, 0, 3.5, 1], "texture": "#3"},
				"west": {"uv": [0, 0, 3.7, 1], "texture": "#3"},
				"up": {"uv": [0, 0, 3.5, 3.7], "texture": "#3"},
				"down": {"uv": [0, 0, 3.5, 3.7], "texture": "#3"}
			}
		},
		{
			"from": [6.2, 28.9, 5.9],
			"to": [10.7, 29.2, 10.3],
			"faces": {
				"north": {"uv": [0, 0, 4.5, 0.3], "texture": "#1"},
				"east": {"uv": [0, 0, 4.4, 0.3], "texture": "#1"},
				"south": {"uv": [0, 0, 4.5, 0.3], "texture": "#1"},
				"west": {"uv": [0, 0, 4.4, 0.3], "texture": "#1"},
				"up": {"uv": [0, 0, 4.5, 4.4], "texture": "#1"},
				"down": {"uv": [0, 0, 4.5, 4.4], "texture": "#1"}
			}
		},
		{
			"from": [6.6, 24.2, 9.8],
			"to": [7.7, 28.2, 10],
			"faces": {
				"north": {"uv": [0, 0, 1.1, 4], "texture": "#1"},
				"east": {"uv": [0, 0, 0.2, 4], "texture": "#1"},
				"south": {"uv": [0, 0, 1.1, 4], "texture": "#1"},
				"west": {"uv": [0, 0, 0.2, 4], "texture": "#1"},
				"up": {"uv": [0, 0, 1.1, 0.2], "texture": "#1"},
				"down": {"uv": [0, 0, 1.1, 0.2], "texture": "#1"}
			}
		},
		{
			"from": [6.2, 11.7, 7.7],
			"to": [7, 21.5, 8.3],
			"faces": {
				"north": {"uv": [0, 0, 0.8, 9.8], "texture": "#0"},
				"east": {"uv": [0, 0, 0.6, 9.8], "texture": "#0"},
				"south": {"uv": [0, 0, 0.8, 9.8], "texture": "#0"},
				"west": {"uv": [0, 0, 0.6, 9.8], "texture": "#0"},
				"up": {"uv": [0, 0, 0.8, 0.6], "texture": "#0"},
				"down": {"uv": [0, 0, 0.8, 0.6], "texture": "#0"}
			}
		},
		{
			"from": [9.3, 24.2, 6.1],
			"to": [10.1, 28.2, 6.4],
			"faces": {
				"north": {"uv": [0, 0, 0.8, 4], "texture": "#1"},
				"east": {"uv": [0, 0, 0.3, 4], "texture": "#1"},
				"south": {"uv": [0, 0, 0.8, 4], "texture": "#1"},
				"west": {"uv": [0, 0, 0.3, 4], "texture": "#1"},
				"up": {"uv": [0, 0, 0.8, 0.3], "texture": "#1"},
				"down": {"uv": [0, 0, 0.8, 0.3], "texture": "#1"}
			}
		},
		{
			"from": [9.3, 24.2, 9.8],
			"to": [10.2, 28.2, 10],
			"faces": {
				"north": {"uv": [0, 0, 0.9, 4], "texture": "#1"},
				"east": {"uv": [0, 0, 0.2, 4], "texture": "#1"},
				"south": {"uv": [0, 0, 0.9, 4], "texture": "#1"},
				"west": {"uv": [0, 0, 0.2, 4], "texture": "#1"},
				"up": {"uv": [0, 0, 0.9, 0.2], "texture": "#1"},
				"down": {"uv": [0, 0, 0.9, 0.2], "texture": "#1"}
			}
		},
		{
			"from": [8.1, 11, 5.7],
			"to": [8.8, 20, 6],
			"faces": {
				"north": {"uv": [0, 0, 0.7, 9], "texture": "#4"},
				"east": {"uv": [0, 0, 0.3, 9], "texture": "#4"},
				"south": {"uv": [0, 0, 0.7, 9], "texture": "#4"},
				"west": {"uv": [0, 0, 0.3, 9], "texture": "#4"},
				"up": {"uv": [0, 0, 0.7, 0.3], "texture": "#4"},
				"down": {"uv": [0, 0, 0.7, 0.3], "texture": "#4"}
			}
		},
		{
			"from": [6.6, 24.2, 6.3],
			"to": [6.8, 28.2, 7.3],
			"faces": {
				"north": {"uv": [0, 0, 0.2, 4], "texture": "#1"},
				"east": {"uv": [0, 0, 1, 4], "texture": "#1"},
				"south": {"uv": [0, 0, 0.2, 4], "texture": "#1"},
				"west": {"uv": [0, 0, 1, 4], "texture": "#1"},
				"up": {"uv": [0, 0, 0.2, 1], "texture": "#1"},
				"down": {"uv": [0, 0, 0.2, 1], "texture": "#1"}
			}
		},
		{
			"from": [6.6, 24.2, 8.8],
			"to": [6.8, 28.2, 10],
			"faces": {
				"north": {"uv": [0, 0, 0.2, 4], "texture": "#1"},
				"east": {"uv": [0, 0, 1.2, 4], "texture": "#1"},
				"south": {"uv": [0, 0, 0.2, 4], "texture": "#1"},
				"west": {"uv": [0, 0, 1.2, 4], "texture": "#1"},
				"up": {"uv": [0, 0, 0.2, 1.2], "texture": "#1"},
				"down": {"uv": [0, 0, 0.2, 1.2], "texture": "#1"}
			}
		},
		{
			"from": [10.1, 24.2, 6.1],
			"to": [10.4, 28.2, 7.3],
			"faces": {
				"north": {"uv": [0, 0, 0.3, 4], "texture": "#1"},
				"east": {"uv": [0, 0, 1.2, 4], "texture": "#1"},
				"south": {"uv": [0, 0, 0.3, 4], "texture": "#1"},
				"west": {"uv": [0, 0, 1.2, 4], "texture": "#1"},
				"up": {"uv": [0, 0, 0.3, 1.2], "texture": "#1"},
				"down": {"uv": [0, 0, 0.3, 1.2], "texture": "#1"}
			}
		},
		{
			"from": [10.2, 24.2, 8.8],
			"to": [10.4, 28.2, 10],
			"faces": {
				"north": {"uv": [0, 0, 0.2, 4], "texture": "#1"},
				"east": {"uv": [0, 0, 1.2, 4], "texture": "#1"},
				"south": {"uv": [0, 0, 0.2, 4], "texture": "#1"},
				"west": {"uv": [0, 0, 1.2, 4], "texture": "#1"},
				"up": {"uv": [0, 0, 0.2, 1.2], "texture": "#1"},
				"down": {"uv": [0, 0, 0.2, 1.2], "texture": "#1"}
			}
		},
		{
			"from": [6.4, 28.2, 6],
			"to": [10.5, 28.9, 10.1],
			"faces": {
				"north": {"uv": [0, 0, 4.1, 0.7], "texture": "#1"},
				"east": {"uv": [0, 0, 4.1, 0.7], "texture": "#1"},
				"south": {"uv": [0, 0, 4.1, 0.7], "texture": "#1"},
				"west": {"uv": [0, 0, 4.1, 0.7], "texture": "#1"},
				"up": {"uv": [0, 0, 4.1, 4.1], "texture": "#1"},
				"down": {"uv": [0, 0, 4.1, 4.1], "texture": "#1"}
			}
		},
		{
			"from": [5.7, 10.2, 7.8],
			"to": [5.9, 10.7, 8.2],
			"faces": {
				"north": {"uv": [0, 0, 0.2, 0.5], "texture": "#0"},
				"east": {"uv": [0, 0, 0.4, 0.5], "texture": "#0"},
				"south": {"uv": [0, 0, 0.2, 0.5], "texture": "#0"},
				"west": {"uv": [0, 0, 0.4, 0.5], "texture": "#0"},
				"up": {"uv": [0, 0, 0.2, 0.4], "texture": "#0"},
				"down": {"uv": [0, 0, 0.2, 0.4], "texture": "#0"}
			}
		},
		{
			"from": [8.9, 5, 9.3],
			"to": [9.9, 6, 10.3],
			"faces": {
				"north": {"uv": [0, 0, 1, 1], "texture": "#0"},
				"east": {"uv": [0, 0, 1, 1], "texture": "#0"},
				"south": {"uv": [0, 0, 1, 1], "texture": "#0"},
				"west": {"uv": [0, 0, 1, 1], "texture": "#0"},
				"up": {"uv": [0, 0, 1, 1], "texture": "#0"},
				"down": {"uv": [0, 0, 1, 1], "texture": "#0"}
			}
		},
		{
			"from": [7.2, 5, 9.3],
			"to": [8.2, 6, 10.3],
			"faces": {
				"north": {"uv": [0, 0, 1, 1], "texture": "#0"},
				"east": {"uv": [0, 0, 1, 1], "texture": "#0"},
				"south": {"uv": [0, 0, 1, 1], "texture": "#0"},
				"west": {"uv": [0, 0, 1, 1], "texture": "#0"},
				"up": {"uv": [0, 0, 1, 1], "texture": "#0"},
				"down": {"uv": [0, 0, 1, 1], "texture": "#0"}
			}
		},
		{
			"from": [9.7, 5, 8.6],
			"to": [10.7, 6, 9.6],
			"faces": {
				"north": {"uv": [0, 0, 1, 1], "texture": "#0"},
				"east": {"uv": [0, 0, 1, 1], "texture": "#0"},
				"south": {"uv": [0, 0, 1, 1], "texture": "#0"},
				"west": {"uv": [0, 0, 1, 1], "texture": "#0"},
				"up": {"uv": [0, 0, 1, 1], "texture": "#0"},
				"down": {"uv": [0, 0, 1, 1], "texture": "#0"}
			}
		},
		{
			"from": [9.7, 5, 6.7],
			"to": [10.7, 6, 7.7],
			"faces": {
				"north": {"uv": [0, 0, 1, 1], "texture": "#0"},
				"east": {"uv": [0, 0, 1, 1], "texture": "#0"},
				"south": {"uv": [0, 0, 1, 1], "texture": "#0"},
				"west": {"uv": [0, 0, 1, 1], "texture": "#0"},
				"up": {"uv": [0, 0, 1, 1], "texture": "#0"},
				"down": {"uv": [0, 0, 1, 1], "texture": "#0"}
			}
		},
		{
			"from": [8.8, 5, 5.8],
			"to": [9.8, 6, 6.8],
			"faces": {
				"north": {"uv": [0, 0, 1, 1], "texture": "#0"},
				"east": {"uv": [0, 0, 1, 1], "texture": "#0"},
				"south": {"uv": [0, 0, 1, 1], "texture": "#0"},
				"west": {"uv": [0, 0, 1, 1], "texture": "#0"},
				"up": {"uv": [0, 0, 1, 1], "texture": "#0"},
				"down": {"uv": [0, 0, 1, 1], "texture": "#0"}
			}
		},
		{
			"from": [7.1, 5, 5.8],
			"to": [8.1, 6, 6.8],
			"faces": {
				"north": {"uv": [0, 0, 1, 1], "texture": "#0"},
				"east": {"uv": [0, 0, 1, 1], "texture": "#0"},
				"south": {"uv": [0, 0, 1, 1], "texture": "#0"},
				"west": {"uv": [0, 0, 1, 1], "texture": "#0"},
				"up": {"uv": [0, 0, 1, 1], "texture": "#0"},
				"down": {"uv": [0, 0, 1, 1], "texture": "#0"}
			}
		},
		{
			"from": [6.2, 5, 8.6],
			"to": [7.2, 6, 9.6],
			"faces": {
				"north": {"uv": [0, 0, 1, 1], "texture": "#0"},
				"east": {"uv": [0, 0, 1, 1], "texture": "#0"},
				"south": {"uv": [0, 0, 1, 1], "texture": "#0"},
				"west": {"uv": [0, 0, 1, 1], "texture": "#0"},
				"up": {"uv": [0, 0, 1, 1], "texture": "#0"},
				"down": {"uv": [0, 0, 1, 1], "texture": "#0"}
			}
		},
		{
			"from": [6.2, 5, 6.7],
			"to": [7.2, 6, 7.7],
			"faces": {
				"north": {"uv": [0, 0, 1, 1], "texture": "#0"},
				"east": {"uv": [0, 0, 1, 1], "texture": "#0"},
				"south": {"uv": [0, 0, 1, 1], "texture": "#0"},
				"west": {"uv": [0, 0, 1, 1], "texture": "#0"},
				"up": {"uv": [0, 0, 1, 1], "texture": "#0"},
				"down": {"uv": [0, 0, 1, 1], "texture": "#0"}
			}
		}
	],
	"display": {
		"thirdperson_righthand": {
			"scale": [0.25, 0.29, 0.25],
			"rotation": [0, 94, -18],
			"translation": [0, -1.5, 1.5]
		},
		"firstperson_righthand": {
			"scale": [0.525, 0.75, 0.525],
			"rotation": [-13, 73, 0],
			"translation": [5, -2.5, -1.5]
		},
		"thirdperson_lefthand": {
			"scale": [0.25, 0.29, 0.25],
			"rotation": [23, -78, 29],
			"translation": [0, -1, 1.5]
		},
		"firstperson_lefthand": {
			"scale": [0.525, 0.75, 0.525],
			"rotation": [-13, -107, 0],
			"translation": [5, -2.5, -1.5]
		},
		"head": {
			"scale": [0.3, 0.325, 0.325],
			"rotation": [89, -1, 124],
			"translation": [0.5, 7.5, 0.5]
		},
		"ground": {
			"scale": [0.225, 0.3, 0.225],
			"rotation": [92, -67, 124],
			"translation": [1, 0.5, 1.5]
		},
		"fixed": {
			"scale": [0.45, 0.5, 0.45],
			"translation": [2, -4, -1.5],
			"rotation": [0, 0, 32]
		},
		"gui": {
			"scale": [0.375, 0.45, 0.375],
			"rotation": [0, 44, 19],
			"translation": [1, -3, 0]
		}
	}
}