{
	"credit": "By Torrezx",
	"gui_light": "front",
	"texture_size": [64, 64],
	"textures": {
		"0": "item/custom/mjolnir",
		"particle": "item/custom/mjolnir"
	},
	"elements": [
		{
			"name": "t_hamer_base",
			"from": [5, 19.05, 0.5],
			"to": [13, 27.05, 14.5],
			"rotation": {"angle": 0, "axis": "y", "origin": [13, 1.75, 10.5]},
			"faces": {
				"north": {"uv": [3.5, 11.5, 5.5, 13.5], "texture": "#0"},
				"east": {"uv": [0, 11.5, 3.5, 13.5], "texture": "#0"},
				"south": {"uv": [9, 11.5, 11, 13.5], "texture": "#0"},
				"west": {"uv": [5.5, 11.5, 9, 13.5], "texture": "#0"},
				"up": {"uv": [5.5, 11.5, 3.5, 8], "texture": "#0"},
				"down": {"uv": [7.5, 8, 5.5, 11.5], "texture": "#0"}
			}
		},
		{
			"from": [8, 8, 6.5],
			"to": [10, 18, 8.5],
			"rotation": {"angle": 0, "axis": "y", "origin": [8, 9, 6.5]},
			"faces": {
				"north": {"uv": [4, 5.25, 4.5, 7.75], "texture": "#0"},
				"east": {"uv": [3.5, 5.25, 4, 7.75], "texture": "#0"},
				"south": {"uv": [5, 5.25, 5.5, 7.75], "texture": "#0"},
				"west": {"uv": [4.5, 5.25, 5, 7.75], "texture": "#0"},
				"up": {"uv": [4.5, 5.25, 4, 4.75], "texture": "#0"},
				"down": {"uv": [5, 4.75, 4.5, 5.25], "texture": "#0"}
			}
		},
		{
			"from": [7, 6, 5.5],
			"to": [11, 8, 9.5],
			"rotation": {"angle": 0, "axis": "y", "origin": [8, 6, 7.5]},
			"faces": {
				"north": {"uv": [1, 4.75, 2, 5.25], "texture": "#0"},
				"east": {"uv": [0, 4.75, 1, 5.25], "texture": "#0"},
				"south": {"uv": [3, 4.75, 4, 5.25], "texture": "#0"},
				"west": {"uv": [2, 4.75, 3, 5.25], "texture": "#0"},
				"up": {"uv": [2, 4.75, 1, 3.75], "texture": "#0"},
				"down": {"uv": [3, 3.75, 2, 4.75], "texture": "#0"}
			}
		},
		{
			"from": [7, 18, 5.5],
			"to": [11, 19, 9.5],
			"rotation": {"angle": 0, "axis": "y", "origin": [9, 17, 5.5]},
			"faces": {
				"north": {"uv": [5.25, 4.5, 6.25, 4.75], "texture": "#0"},
				"east": {"uv": [4.25, 4.5, 5.25, 4.75], "texture": "#0"},
				"south": {"uv": [7.25, 4.5, 8.25, 4.75], "texture": "#0"},
				"west": {"uv": [6.25, 4.5, 7.25, 4.75], "texture": "#0"},
				"up": {"uv": [6.25, 4.5, 5.25, 3.5], "texture": "#0"},
				"down": {"uv": [7.25, 3.5, 6.25, 4.5], "texture": "#0"}
			}
		},
		{
			"from": [7, 27, 5.5],
			"to": [11, 28, 9.5],
			"rotation": {"angle": 0, "axis": "y", "origin": [9, 26, 5.5]},
			"faces": {
				"north": {"uv": [5.25, 4.5, 6.25, 4.75], "texture": "#0"},
				"east": {"uv": [4.25, 4.5, 5.25, 4.75], "texture": "#0"},
				"south": {"uv": [7.25, 4.5, 8.25, 4.75], "texture": "#0"},
				"west": {"uv": [6.25, 4.5, 7.25, 4.75], "texture": "#0"},
				"up": {"uv": [6.25, 4.5, 5.25, 3.5], "texture": "#0"},
				"down": {"uv": [7.25, 3.5, 6.25, 4.5], "texture": "#0"}
			}
		},
		{
			"from": [9, 2, 5.5],
			"to": [9, 6, 9.5],
			"rotation": {"angle": 0, "axis": "y", "origin": [6, 4, 6.5]},
			"faces": {
				"north": {"uv": [4, 3.5, 4, 4.5], "texture": "#0"},
				"east": {"uv": [3, 3.5, 4, 4.5], "texture": "#0"},
				"south": {"uv": [5, 3.5, 5, 4.5], "texture": "#0"},
				"west": {"uv": [4, 3.5, 5, 4.5], "texture": "#0"},
				"up": {"uv": [4, 3.5, 4, 2.5], "texture": "#0"},
				"down": {"uv": [4, 2.5, 4, 3.5], "texture": "#0"}
			}
		}
	],
	"display": {
		"thirdperson_righthand": {
			"translation": [-0.75, -2.75, 2],
			"scale": [0.8, 0.8, 0.8]
		},
		"thirdperson_lefthand": {
			"translation": [0.5, -3, 2],
			"scale": [0.8, 0.8, 0.8]
		},
		"firstperson_righthand": {
			"rotation": [20.75, 26, 0],
			"translation": [3.75, -4, -4.5],
			"scale": [0.8, 0.8, 0.8]
		},
		"firstperson_lefthand": {
			"rotation": [15.5, 0, 0],
			"translation": [9.75, -7.5, -6.25]
		},
		"ground": {
			"rotation": [177.31, 0.37, -1.43],
			"translation": [-2.25, 10.25, -0.25],
			"scale": [0.8, 0.8, 0.8]
		},
		"gui": {
			"rotation": [-117.4, 125, 128.37],
			"translation": [-2.75, -4.75, 0],
			"scale": [0.6, 0.6, 0.6]
		},
		"fixed": {
			"rotation": [0, 90, 0],
			"translation": [0.25, -11.75, -3.25],
			"scale": [2, 2, 2]
		}
	},
	"groups": [
		{
			"name": "torrezx_hammer",
			"origin": [8, 8, 8],
			"color": 0,
			"children": [0, 1, 2, 3, 4, 5]
		}
	]
}