{
  "parent": "item/handheld",
  "textures": {
    "layer0": "item/custom/dracula_knife"
  },
	"display": {
		"thirdperson_righthand": {
			"rotation": [-80, 260, -40],
			"translation": [-1.5, 5.75, 2.3],
			"scale": [0.8, 0.8, 0.8]
		},
		"thirdperson_lefthand": {
			"rotation": [-80, -280, 40],
			"translation": [-1.5, 5.75, 2.3],
			"scale": [0.8, 0.8, 0.8]
		},
		"firstperson_righthand": {
			"rotation": [0, -90, 25],
			"translation": [1.8, 4.7, 1.13],
			"scale": [0.8, 0.8, 0.8]
		},
		"firstperson_lefthand": {
			"rotation": [0, 90, -25],
			"translation": [2.63, 4.7, 0.5],
			"scale": [0.8, 0.8, 0.8]
		}
  }
}