{
	"texture_size": [64, 32],
	"textures": {
		"0": "./evoker_book",
		"particle": "./evoker_book"
	},
	"elements": [
		{
			"from": [8, 0.001, 4],
			"to": [14, 1.001, 12],
			"rotation": {"angle": 0, "axis": "z", "origin": [8.15205, 1.52275, 8]},
			"faces": {
				"north": {"uv": [0.25, 5, 1.75, 5.5], "texture": "#0"},
				"east": {"uv": [0.5, 5.5, 2.5, 5], "texture": "#0"},
				"south": {"uv": [0.5, 5, 2, 5.5], "texture": "#0"},
				"west": {"uv": [0.25, 5, 2.25, 5.5], "texture": "#0"},
				"up": {"uv": [0.25, 5.5, 1.75, 9.5], "texture": "#0"},
				"down": {"uv": [0.25, 5.5, 1.75, 9.5], "texture": "#0"}
			}
		},
		{
			"from": [7.81191, 1.0979, 4],
			"to": [13.81191, 1.0979, 12],
			"rotation": {"angle": 22.5, "axis": "z", "origin": [8.15205, 1.52275, 8]},
			"faces": {
				"up": {"uv": [0.25, 5.5, 1.75, 9.5], "texture": "#0"},
				"down": {"uv": [0.25, 5.5, 1.75, 9.5], "texture": "#0"}
			}
		},
		{
			"from": [8, 0, 3],
			"to": [16, 0, 13],
			"rotation": {"angle": 0, "axis": "z", "origin": [8.15205, 1.52275, 8]},
			"faces": {
				"up": {"uv": [3.5, 0, 5.5, 5], "texture": "#0"},
				"down": {"uv": [3.5, 0, 5.5, 5], "texture": "#0"}
			}
		},
		{
			"from": [0.59392, 0.05765, 3],
			"to": [8.59392, 0.05765, 13],
			"rotation": {"angle": -22.5, "axis": "z", "origin": [8.15205, 1.52275, 8]},
			"faces": {
				"east": {"uv": [0, 0, 2.5, 0], "texture": "#missing", "cullface": "east"},
				"south": {"uv": [0, 0, 1.75, 0], "texture": "#missing", "cullface": "south"},
				"west": {"uv": [0, 0, 2.5, 0], "texture": "#missing", "cullface": "west"},
				"up": {"uv": [0, 0, 2, 5], "texture": "#0"},
				"down": {"uv": [0, 0, 2, 5], "texture": "#0"}
			}
		},
		{
			"from": [2.59392, 0.05865, 4],
			"to": [8.59392, 1.05865, 12],
			"rotation": {"angle": -22.5, "axis": "z", "origin": [8.15205, 1.52275, 8]},
			"faces": {
				"north": {"uv": [3.25, 5, 4.75, 5.5], "texture": "#0"},
				"east": {"uv": [3.25, 5, 5.25, 5.5], "texture": "#0"},
				"south": {"uv": [3.25, 5, 4.75, 5.5], "texture": "#0"},
				"west": {"uv": [3.25, 5, 5.25, 5.5], "texture": "#0"},
				"up": {"uv": [1.5, 5.5, 3, 9.5], "texture": "#0"},
				"down": {"uv": [1.5, 5.5, 3, 9.5], "texture": "#0"}
			}
		},
		{
			"from": [2.73789, 1.26207, 4],
			"to": [8.73789, 1.26207, 12],
			"rotation": {"angle": -45, "axis": "z", "origin": [8.15205, 1.52275, 8]},
			"faces": {
				"up": {"uv": [1.5, 5.5, 3, 9.5], "texture": "#0"},
				"down": {"uv": [1.5, 5.5, 3, 9.5], "texture": "#0"}
			}
		}
	],
	"display": {
		"thirdperson_righthand": {
			"rotation": [-58.5, 0, 154],
			"translation": [-1.5, 0.25, 6.25],
			"scale": [0.75, 0.75, 0.75]
		},
		"thirdperson_lefthand": {
			"rotation": [-58.5, 4, 154],
			"translation": [-1, 0, 6.25],
			"scale": [0.75, 0.75, 0.75]
		},
		"firstperson_righthand": {
			"rotation": [55, 0, 10],
			"translation": [-11, 5, -1.5],
			"scale": [1.34, 1.34, 1.34]
		},
		"firstperson_lefthand": {
			"rotation": [81, -4, 9],
			"translation": [13.25, -2, -6.75],
			"scale": [0.92, 1, 1.43]
		},
		"ground": {
			"rotation": [-2.62, -0.29, 12.71],
			"translation": [-1.5, 5.25, 3.5]
		},
		"gui": {
			"rotation": [82.96, -19.51, 54.63],
			"translation": [-5.25, 2, 0]
		},
		"head": {
			"rotation": [0, 0, 10.25],
			"translation": [-1.75, 16.75, 0],
			"scale": [1.25, 1.25, 1.25]
		},
		"fixed": {
			"rotation": [90, 0, -165.25],
			"translation": [3, 0, -10.75],
			"scale": [1.5, 1.5, 1.5]
		}
	},
	"groups": [
		{
			"name": "book",
			"origin": [8, 8, 8],
			"color": 0,
			"nbt": "{}",
			"armAnimationEnabled": false,
			"children": [
				{
					"name": "left",
					"origin": [8, 8, 8],
					"color": 0,
					"nbt": "{}",
					"armAnimationEnabled": false,
					"children": [0, 1, 2]
				},
				{
					"name": "right",
					"origin": [8, 8, 8],
					"color": 0,
					"nbt": "{}",
					"armAnimationEnabled": false,
					"children": [3, 4, 5]
				}
			]
		}
	]
}