{
    "parent": "item/generated",
    "textures": {
        "layer0": "item/bow"
      },
    "overrides": [
        {
            "predicate": {
                "custom_model_data": 7142128
            },
            "model": "item/custom/grappling_hook"
        },
        {"predicate": {"custom_model_data":7142128,"pulling": 1},"model": "item/custom/grappling_hook_0"},
        {"predicate": {"custom_model_data":7142128,"pulling": 1,"pull": 0.65},"model": "item/custom/grappling_hook_1"},
        {"predicate": {"custom_model_data":7142128,"pulling": 1,"pull": 0.9},"model": "item/custom/grappling_hook_2"}

    ]
}
