{
	"credit": "Made with Blockbench",
	"textures": {
		"0": "item/doctor/tardis",
		"particle": "item/doctor/tardis"
	},
	"elements": [
		{
			"name": "base",
			"from": [2.68, -0.56, 2.68],
			"to": [13.32, 0.56, 13.32],
			"rotation": {"angle": 0, "axis": "y", "origin": [2.96, 0, 2.96]},
			"faces": {
				"north": {"uv": [1.1875, 0.125, 2.375, 0.25], "texture": "#0"},
				"east": {"uv": [1.1875, 0, 2.375, 0.125], "texture": "#0"},
				"south": {"uv": [1.1875, 0.375, 2.375, 0.5], "texture": "#0"},
				"west": {"uv": [1.1875, 0.25, 2.375, 0.375], "texture": "#0"},
				"up": {"uv": [0, 0, 1.1875, 1.1875], "texture": "#0"},
				"down": {"uv": [0, 1.1875, 1.1875, 2.375], "texture": "#0"}
			}
		},
		{
			"name": "Pilon",
			"from": [2.96, 0.56, 2.96],
			"to": [4.08, 17.92, 4.08],
			"rotation": {"angle": 0, "axis": "y", "origin": [2.96, 0.56, 2.96]},
			"faces": {
				"north": {"uv": [6.25, 0, 6.375, 1.9375], "texture": "#0"},
				"east": {"uv": [6.5, 0, 6.625, 1.9375], "texture": "#0"},
				"south": {"uv": [6.625, 0, 6.75, 1.9375], "texture": "#0"},
				"west": {"uv": [6.375, 0, 6.5, 1.9375], "texture": "#0"},
				"up": {"uv": [6.75, 0, 6.875, 0.125], "texture": "#0"},
				"down": {"uv": [6.75, 0.125, 6.875, 0.25], "texture": "#0"}
			}
		},
		{
			"name": "Pilon",
			"from": [11.92, 0.56, 2.96],
			"to": [13.04, 17.92, 4.08],
			"rotation": {"angle": 0, "axis": "y", "origin": [2.96, 0.56, 2.96]},
			"faces": {
				"north": {"uv": [6.25, 0, 6.375, 1.9375], "texture": "#0"},
				"east": {"uv": [6.5, 0, 6.625, 1.9375], "texture": "#0"},
				"south": {"uv": [6.625, 0, 6.75, 1.9375], "texture": "#0"},
				"west": {"uv": [6.375, 0, 6.5, 1.9375], "texture": "#0"},
				"up": {"uv": [6.75, 0, 6.875, 0.125], "texture": "#0"},
				"down": {"uv": [6.75, 0.125, 6.875, 0.25], "texture": "#0"}
			}
		},
		{
			"name": "Pilon",
			"from": [11.92, 0.56, 11.92],
			"to": [13.04, 17.92, 13.04],
			"rotation": {"angle": 0, "axis": "y", "origin": [2.96, 0.56, 2.96]},
			"faces": {
				"north": {"uv": [6.25, 0, 6.375, 1.9375], "texture": "#0"},
				"east": {"uv": [6.5, 0, 6.625, 1.9375], "texture": "#0"},
				"south": {"uv": [6.625, 0, 6.75, 1.9375], "texture": "#0"},
				"west": {"uv": [6.375, 0, 6.5, 1.9375], "texture": "#0"},
				"up": {"uv": [6.75, 0, 6.875, 0.125], "texture": "#0"},
				"down": {"uv": [6.75, 0.125, 6.875, 0.25], "texture": "#0"}
			}
		},
		{
			"name": "Pilon",
			"from": [2.96, 0.56, 11.92],
			"to": [4.08, 17.92, 13.04],
			"rotation": {"angle": 0, "axis": "y", "origin": [2.96, 0.56, 2.96]},
			"faces": {
				"north": {"uv": [6.25, 0, 6.375, 1.9375], "texture": "#0"},
				"east": {"uv": [6.5, 0, 6.625, 1.9375], "texture": "#0"},
				"south": {"uv": [6.625, 0, 6.75, 1.9375], "texture": "#0"},
				"west": {"uv": [6.375, 0, 6.5, 1.9375], "texture": "#0"},
				"up": {"uv": [6.75, 0, 6.875, 0.125], "texture": "#0"},
				"down": {"uv": [6.75, 0.125, 6.875, 0.25], "texture": "#0"}
			}
		},
		{
			"name": "Face",
			"from": [4.08, 0.56, 3.52],
			"to": [11.92, 17.36, 12.48],
			"rotation": {"angle": 0, "axis": "y", "origin": [4.08, 0.56, 3.52]},
			"faces": {
				"north": {"uv": [4.3125, 0, 5.1875, 1.875], "texture": "#0"},
				"east": {"uv": [4.3125, 0, 5.1875, 1.875], "texture": "#0"},
				"south": {"uv": [4.3125, 0, 5.1875, 1.875], "texture": "#0"},
				"west": {"uv": [4.3125, 0, 5.1875, 1.875], "texture": "#0"},
				"up": {"uv": [4.3125, 0, 5.1875, 1.875], "texture": "#0"},
				"down": {"uv": [4.3125, 0, 5.1875, 1.875], "texture": "#0"}
			}
		},
		{
			"name": "Face1",
			"from": [3.52, 0.56, 4.08],
			"to": [12.48, 17.36, 11.92],
			"rotation": {"angle": 0, "axis": "y", "origin": [3.52, 0.56, 4.08]},
			"faces": {
				"north": {"uv": [2.375, 0, 3.25, 1.90625], "texture": "#0"},
				"east": {"uv": [4.3125, 0, 5.1875, 1.84375], "texture": "#0"},
				"south": {"uv": [2.375, 0, 3.25, 1.90625], "texture": "#0"},
				"west": {"uv": [2.375, 0, 3.25, 1.875], "texture": "#0"},
				"up": {"uv": [2.375, 0, 3.25, 1.90625], "texture": "#0"},
				"down": {"uv": [2.375, 0, 3.25, 1.90625], "texture": "#0"}
			}
		},
		{
			"name": "Sign",
			"from": [2.4, 15.68, 3.52],
			"to": [13.6, 17.36, 12.48],
			"rotation": {"angle": 0, "axis": "y", "origin": [2.4, 15.68, 3.52]},
			"faces": {
				"north": {"uv": [6.875, 1.25, 7.125, 1.625], "texture": "#0"},
				"east": {"uv": [6.875, 0.375, 8.875, 0.75], "texture": "#0"},
				"south": {"uv": [7.125, 1.28125, 7.375, 1.625], "texture": "#0"},
				"west": {"uv": [6.875, 0.375, 8.875, 0.75], "texture": "#0"},
				"up": {"uv": [6.875, 0, 8.875, 0.25], "texture": "#0"},
				"down": {"uv": [6.875, 1, 8.875, 1.1875], "texture": "#0"}
			}
		},
		{
			"name": "Sign",
			"from": [3.52, 15.68, 2.4],
			"to": [12.48, 17.36, 13.6],
			"rotation": {"angle": 0, "axis": "y", "origin": [3.52, 15.68, 3.52]},
			"faces": {
				"north": {"uv": [6.875, 0.375, 8.875, 0.75], "texture": "#0"},
				"east": {"uv": [7.125, 1.28125, 7.375, 1.625], "texture": "#0"},
				"south": {"uv": [6.875, 0.375, 8.875, 0.75], "texture": "#0"},
				"west": {"uv": [6.875, 1.25, 7.125, 1.625], "texture": "#0"},
				"up": {"uv": [6.875, 0, 8.875, 0.25], "rotation": 270, "texture": "#0"},
				"down": {"uv": [6.875, 1, 8.875, 1.1875], "rotation": 90, "texture": "#0"}
			}
		},
		{
			"name": "TopLayer1",
			"from": [3.52, 17.36, 3.52],
			"to": [12.48, 18.2, 12.48],
			"rotation": {"angle": 0, "axis": "y", "origin": [3.52, 17.36, 3.52]},
			"faces": {
				"north": {"uv": [9.875, 0, 10.875, 0.09375], "texture": "#0"},
				"east": {"uv": [9.875, 0, 10.875, 0.09375], "texture": "#0"},
				"south": {"uv": [9.875, 0, 10.875, 0.09375], "texture": "#0"},
				"west": {"uv": [9.875, 0, 10.875, 0.09375], "texture": "#0"},
				"up": {"uv": [8.875, 0, 9.875, 1], "texture": "#0"},
				"down": {"uv": [9.875, 0, 10.875, 0.09375], "texture": "#0"}
			}
		},
		{
			"name": "TopLayer2",
			"from": [4.08, 17.92, 4.08],
			"to": [11.92, 18.76, 11.92],
			"rotation": {"angle": 0, "axis": "y", "origin": [4.08, 17.92, 4.08]},
			"faces": {
				"north": {"uv": [11.75, 0, 12.625, 0.0625], "texture": "#0"},
				"east": {"uv": [11.75, 0, 12.625, 0.0625], "texture": "#0"},
				"south": {"uv": [11.75, 0, 12.625, 0.0625], "texture": "#0"},
				"west": {"uv": [11.75, 0, 12.625, 0.0625], "texture": "#0"},
				"up": {"uv": [10.875, 0, 11.75, 0.875], "texture": "#0"},
				"down": {"uv": [11.75, 0, 12.625, 0.0625], "texture": "#0"}
			}
		},
		{
			"name": "TopLayer3",
			"from": [4.64, 18.76, 4.64],
			"to": [11.36, 19.04, 11.36],
			"rotation": {"angle": 0, "axis": "y", "origin": [4.64, 18.48, 4.64]},
			"faces": {
				"north": {"uv": [12.625, 0, 13.375, 0.75], "texture": "#0"},
				"east": {"uv": [12.625, 0, 13.375, 0.75], "texture": "#0"},
				"south": {"uv": [12.625, 0, 13.375, 0.75], "texture": "#0"},
				"west": {"uv": [12.625, 0, 13.375, 0.75], "texture": "#0"},
				"up": {"uv": [12.625, 0, 13.375, 0.75], "texture": "#0"},
				"down": {"uv": [12.625, 0, 13.375, 0.75], "texture": "#0"}
			}
		},
		{
			"name": "TopLayer4",
			"from": [5.48, 19.04, 5.48],
			"to": [10.52, 19.32, 10.52],
			"rotation": {"angle": 0, "axis": "y", "origin": [5.2, 18.48, 5.76]},
			"faces": {
				"north": {"uv": [14.125, 0.8125, 14.875, 1.5625], "texture": "#0"},
				"east": {"uv": [14.125, 0.8125, 14.875, 1.5625], "texture": "#0"},
				"south": {"uv": [14.125, 0.8125, 14.875, 1.5625], "texture": "#0"},
				"west": {"uv": [14.125, 0.8125, 14.875, 1.5625], "texture": "#0"},
				"up": {"uv": [14.125, 0, 14.90625, 0.78125], "texture": "#0"},
				"down": {"uv": [14.125, 0.8125, 14.875, 1.5625], "texture": "#0"}
			}
		},
		{
			"name": "LampLight",
			"from": [7.44, 19.88, 7.44],
			"to": [8.56, 21, 8.56],
			"rotation": {"angle": 0, "axis": "y", "origin": [8, 20.16, 8]},
			"faces": {
				"north": {"uv": [0.90625, 3.125, 1, 3.21875], "texture": "#0"},
				"east": {"uv": [0.90625, 3.125, 1, 3.21875], "texture": "#0"},
				"south": {"uv": [0.90625, 3.125, 1, 3.21875], "texture": "#0"},
				"west": {"uv": [0.90625, 3.125, 1, 3.21875], "texture": "#0"},
				"up": {"uv": [0.90625, 3.125, 1, 3.21875], "texture": "#0"},
				"down": {"uv": [0.90625, 3.125, 1, 3.21875], "texture": "#0"}
			}
		},
		{
			"name": "LampLayer1",
			"from": [6.88, 19.04, 6.88],
			"to": [9.12, 19.6, 9.12],
			"rotation": {"angle": 0, "axis": "y", "origin": [7.44, 19.04, 7.44]},
			"faces": {
				"north": {"uv": [0.25, 3.125, 0.5, 3.375], "texture": "#0"},
				"east": {"uv": [0, 3.125, 0.25, 3.375], "texture": "#0"},
				"south": {"uv": [0, 3.125, 0.25, 3.375], "texture": "#0"},
				"west": {"uv": [0, 3.125, 0.25, 3.375], "texture": "#0"},
				"up": {"uv": [0, 3.125, 0.25, 3.375], "texture": "#0"},
				"down": {"uv": [0, 3.375, 0.25, 3.625], "texture": "#0"}
			}
		},
		{
			"name": "LampLayer2",
			"from": [7.44, 19.6, 7.44],
			"to": [8.56, 19.88, 8.56],
			"rotation": {"angle": 0, "axis": "y", "origin": [8, 19.6, 8]},
			"faces": {
				"north": {"uv": [0.5, 3.125, 0.625, 3.25], "texture": "#0"},
				"east": {"uv": [0.5, 3.125, 0.625, 3.25], "texture": "#0"},
				"south": {"uv": [0.5, 3.125, 0.625, 3.25], "texture": "#0"},
				"west": {"uv": [0.5, 3.125, 0.625, 3.25], "texture": "#0"},
				"up": {"uv": [0.5, 3.125, 0.625, 3.25], "texture": "#0"},
				"down": {"uv": [0.5, 3.125, 0.625, 3.25], "texture": "#0"}
			}
		},
		{
			"name": "LampLayer3",
			"from": [7.44, 21, 7.44],
			"to": [8.56, 21.28, 8.56],
			"rotation": {"angle": 0, "axis": "y", "origin": [8, 21.28, 8]},
			"faces": {
				"north": {"uv": [1.1875, 3.125, 1.3125, 3.25], "texture": "#0"},
				"east": {"uv": [1.1875, 3.125, 1.3125, 3.25], "texture": "#0"},
				"south": {"uv": [1.1875, 3.125, 1.3125, 3.25], "texture": "#0"},
				"west": {"uv": [1.1875, 3.125, 1.3125, 3.25], "texture": "#0"},
				"up": {"uv": [1.1875, 3.125, 1.3125, 3.25], "texture": "#0"},
				"down": {"uv": [1.1875, 3.125, 1.3125, 3.25], "texture": "#0"}
			}
		},
		{
			"name": "LampLayer4",
			"from": [7.72, 21.28, 7.72],
			"to": [8.28, 21.56, 8.28],
			"rotation": {"angle": 0, "axis": "y", "origin": [8, 21.84, 8]},
			"faces": {
				"north": {"uv": [1.1875, 3.125, 1.3125, 3.25], "texture": "#0"},
				"east": {"uv": [1.1875, 3.125, 1.3125, 3.25], "texture": "#0"},
				"south": {"uv": [1.1875, 3.125, 1.3125, 3.25], "texture": "#0"},
				"west": {"uv": [1.1875, 3.125, 1.3125, 3.25], "texture": "#0"},
				"up": {"uv": [1.1875, 3.125, 1.3125, 3.25], "texture": "#0"},
				"down": {"uv": [1.1875, 3.125, 1.3125, 3.25], "texture": "#0"}
			}
		},
		{
			"name": "LampPilon",
			"from": [7.16, 19.88, 7.16],
			"to": [7.44, 21, 7.44],
			"rotation": {"angle": 0, "axis": "y", "origin": [7.44, 19.6, 7.44]},
			"faces": {
				"north": {"uv": [0.75, 3.125, 0.78125, 3.28125], "texture": "#0"},
				"east": {"uv": [0.75, 3.125, 0.78125, 3.28125], "texture": "#0"},
				"south": {"uv": [0.75, 3.125, 0.78125, 3.28125], "texture": "#0"},
				"west": {"uv": [0.75, 3.125, 0.78125, 3.28125], "texture": "#0"},
				"up": {"uv": [0.75, 3.125, 0.78125, 3.28125], "texture": "#0"},
				"down": {"uv": [0.75, 3.125, 0.78125, 3.28125], "texture": "#0"}
			}
		},
		{
			"name": "LampPilon",
			"from": [8.56, 19.88, 7.16],
			"to": [8.84, 21, 7.44],
			"rotation": {"angle": 0, "axis": "y", "origin": [7.44, 19.6, 7.44]},
			"faces": {
				"north": {"uv": [0.75, 3.125, 0.78125, 3.28125], "texture": "#0"},
				"east": {"uv": [0.75, 3.125, 0.78125, 3.28125], "texture": "#0"},
				"south": {"uv": [0.75, 3.125, 0.78125, 3.28125], "texture": "#0"},
				"west": {"uv": [0.75, 3.125, 0.78125, 3.28125], "texture": "#0"},
				"up": {"uv": [0.75, 3.125, 0.78125, 3.28125], "texture": "#0"},
				"down": {"uv": [0.75, 3.125, 0.78125, 3.28125], "texture": "#0"}
			}
		},
		{
			"name": "LampPilon",
			"from": [8.56, 19.88, 8.56],
			"to": [8.84, 21, 8.84],
			"rotation": {"angle": 0, "axis": "y", "origin": [7.44, 19.6, 9.12]},
			"faces": {
				"north": {"uv": [0.75, 3.125, 0.78125, 3.28125], "texture": "#0"},
				"east": {"uv": [0.75, 3.125, 0.78125, 3.28125], "texture": "#0"},
				"south": {"uv": [0.75, 3.125, 0.78125, 3.28125], "texture": "#0"},
				"west": {"uv": [0.75, 3.125, 0.78125, 3.28125], "texture": "#0"},
				"up": {"uv": [0.75, 3.125, 0.78125, 3.28125], "texture": "#0"},
				"down": {"uv": [0.75, 3.125, 0.78125, 3.28125], "texture": "#0"}
			}
		},
		{
			"name": "LampPilon",
			"from": [7.16, 19.88, 8.56],
			"to": [7.44, 21, 8.84],
			"rotation": {"angle": 0, "axis": "y", "origin": [5.76, 19.6, 9.12]},
			"faces": {
				"north": {"uv": [0.75, 3.125, 0.78125, 3.28125], "texture": "#0"},
				"east": {"uv": [0.75, 3.125, 0.78125, 3.28125], "texture": "#0"},
				"south": {"uv": [0.75, 3.125, 0.78125, 3.28125], "texture": "#0"},
				"west": {"uv": [0.75, 3.125, 0.78125, 3.28125], "texture": "#0"},
				"up": {"uv": [0.75, 3.125, 0.78125, 3.28125], "texture": "#0"},
				"down": {"uv": [0.75, 3.125, 0.78125, 3.28125], "texture": "#0"}
			}
		}
	],
	"display": {
		"thirdperson_righthand": {
			"scale": [0.5, 0.5, 0.5]
		},
		"thirdperson_lefthand": {
			"rotation": [0, 180, 0],
			"scale": [0.5, 0.5, 0.5]
		},
		"firstperson_righthand": {
			"scale": [0.5, 0.5, 0.5]
		},
		"firstperson_lefthand": {
			"rotation": [0, 180, 0],
			"scale": [0.5, 0.5, 0.5]
		},
		"ground": {
			"scale": [0.5, 0.5, 0.5]
		},
		"gui": {
			"rotation": [0, 90, 0],
			"translation": [0, -1.5, 0],
			"scale": [0.75, 0.75, 0.75]
		},
		"head": {
			"rotation": [0, -90, 0 ],
			"translation": [0, -9, 0],
			"scale": [4, 4, 4]
		},
		"fixed": {
			"rotation": [0, -90, 0],
			"translation": [0, -1.5, 0]
		}
	},
	"groups": [
		0,
		{
			"name": "pilon",
			"origin": [-1, 1, -1],
			"color": 0,
			"children": [1, 2, 3, 4]
		},
		{
			"name": "face",
			"origin": [1, 1, 0],
			"color": 0,
			"children": [5, 6]
		},
		{
			"name": "Sign",
			"origin": [0, 28, 18],
			"color": 0,
			"children": [7, 8]
		},
		{
			"name": "TopLayer",
			"origin": [2, 33, 2],
			"color": 0,
			"children": [9, 10, 11, 12]
		},
		13,
		{
			"name": "LampLayer4",
			"origin": [8, 39, 8],
			"color": 0,
			"children": [14, 15, 16, 17]
		},
		{
			"name": "LampPilon",
			"origin": [4, 35, 10],
			"color": 0,
			"children": [18, 19, 20, 21]
		}
	]
}
