{
    "parent": "block/carved_pumpkin",
    "overrides": [
        {
            "predicate": {
                "custom_model_data": 10
            },
            "model": "item/doctor/full"
        },
        {
            "predicate": {
                "custom_model_data": 11
            },
            "model": "item/doctor/head"
        },
        {
            "predicate": {
                "custom_model_data": 12
            },
            "model": "item/doctor/body"
        },       
        {
            "predicate": {
                "custom_model_data": 13
            },
            "model": "item/doctor/tardis"
        }
    ]
}
