{
    "parent": "minecraft:item/generated",
    "textures": {
      "layer0": "minecraft:item/enchanted_book"
    },
    "overrides": [
        {
            "predicate": {
                "custom_model_data": 7142128
            },
            "model": "item/custom/breeze_book"
        },
        {
            "predicate": {
                "custom_model_data": 7142129
            },
            "model": "item/custom/dragon_book"
        },
        {
            "predicate": {
                "custom_model_data": 7142130
            },
            "model": "item/custom/evoker_book"
        },
        {
            "predicate": {
                "custom_model_data": 7142131
            },
            "model": "item/icons/breeze_book"
        },
        {
            "predicate": {
                "custom_model_data": 7142132
            },
            "model": "item/icons/dragon_book"
        },
        {
            "predicate": {
                "custom_model_data": 7142133
            },
            "model": "item/icons/evoker_book"
        }
    ]
}
